name,type,direction,description
smiles_000,string,,Generated molecule index 0 with the SAFE scaffold decoration algorithm
smiles_001,string,,Generated molecule index 1 with the SAFE scaffold decoration algorithm
smiles_002,string,,Generated molecule index 2 with the SAFE scaffold decoration algorithm
smiles_003,string,,Generated molecule index 3 with the SAFE scaffold decoration algorithm
smiles_004,string,,Generated molecule index 4 with the SAFE scaffold decoration algorithm
smiles_005,string,,Generated molecule index 5 with the SAFE scaffold decoration algorithm
smiles_006,string,,Generated molecule index 6 with the SAFE scaffold decoration algorithm
smiles_007,string,,Generated molecule index 7 with the SAFE scaffold decoration algorithm
smiles_008,string,,Generated molecule index 8 with the SAFE scaffold decoration algorithm
smiles_009,string,,Generated molecule index 9 with the SAFE scaffold decoration algorithm
smiles_010,string,,Generated molecule index 10 with the SAFE scaffold decoration algorithm
smiles_011,string,,Generated molecule index 11 with the SAFE scaffold decoration algorithm
smiles_012,string,,Generated molecule index 12 with the SAFE scaffold decoration algorithm
smiles_013,string,,Generated molecule index 13 with the SAFE scaffold decoration algorithm
smiles_014,string,,Generated molecule index 14 with the SAFE scaffold decoration algorithm
smiles_015,string,,Generated molecule index 15 with the SAFE scaffold decoration algorithm
smiles_016,string,,Generated molecule index 16 with the SAFE scaffold decoration algorithm
smiles_017,string,,Generated molecule index 17 with the SAFE scaffold decoration algorithm
smiles_018,string,,Generated molecule index 18 with the SAFE scaffold decoration algorithm
smiles_019,string,,Generated molecule index 19 with the SAFE scaffold decoration algorithm
smiles_020,string,,Generated molecule index 20 with the SAFE scaffold decoration algorithm
smiles_021,string,,Generated molecule index 21 with the SAFE scaffold decoration algorithm
smiles_022,string,,Generated molecule index 22 with the SAFE scaffold decoration algorithm
smiles_023,string,,Generated molecule index 23 with the SAFE scaffold decoration algorithm
smiles_024,string,,Generated molecule index 24 with the SAFE scaffold decoration algorithm
smiles_025,string,,Generated molecule index 25 with the SAFE scaffold decoration algorithm
smiles_026,string,,Generated molecule index 26 with the SAFE scaffold decoration algorithm
smiles_027,string,,Generated molecule index 27 with the SAFE scaffold decoration algorithm
smiles_028,string,,Generated molecule index 28 with the SAFE scaffold decoration algorithm
smiles_029,string,,Generated molecule index 29 with the SAFE scaffold decoration algorithm
smiles_030,string,,Generated molecule index 30 with the SAFE scaffold decoration algorithm
smiles_031,string,,Generated molecule index 31 with the SAFE scaffold decoration algorithm
smiles_032,string,,Generated molecule index 32 with the SAFE scaffold decoration algorithm
smiles_033,string,,Generated molecule index 33 with the SAFE scaffold decoration algorithm
smiles_034,string,,Generated molecule index 34 with the SAFE scaffold decoration algorithm
smiles_035,string,,Generated molecule index 35 with the SAFE scaffold decoration algorithm
smiles_036,string,,Generated molecule index 36 with the SAFE scaffold decoration algorithm
smiles_037,string,,Generated molecule index 37 with the SAFE scaffold decoration algorithm
smiles_038,string,,Generated molecule index 38 with the SAFE scaffold decoration algorithm
smiles_039,string,,Generated molecule index 39 with the SAFE scaffold decoration algorithm
smiles_040,string,,Generated molecule index 40 with the SAFE scaffold decoration algorithm
smiles_041,string,,Generated molecule index 41 with the SAFE scaffold decoration algorithm
smiles_042,string,,Generated molecule index 42 with the SAFE scaffold decoration algorithm
smiles_043,string,,Generated molecule index 43 with the SAFE scaffold decoration algorithm
smiles_044,string,,Generated molecule index 44 with the SAFE scaffold decoration algorithm
smiles_045,string,,Generated molecule index 45 with the SAFE scaffold decoration algorithm
smiles_046,string,,Generated molecule index 46 with the SAFE scaffold decoration algorithm
smiles_047,string,,Generated molecule index 47 with the SAFE scaffold decoration algorithm
smiles_048,string,,Generated molecule index 48 with the SAFE scaffold decoration algorithm
smiles_049,string,,Generated molecule index 49 with the SAFE scaffold decoration algorithm
smiles_050,string,,Generated molecule index 50 with the SAFE scaffold decoration algorithm
smiles_051,string,,Generated molecule index 51 with the SAFE scaffold decoration algorithm
smiles_052,string,,Generated molecule index 52 with the SAFE scaffold decoration algorithm
smiles_053,string,,Generated molecule index 53 with the SAFE scaffold decoration algorithm
smiles_054,string,,Generated molecule index 54 with the SAFE scaffold decoration algorithm
smiles_055,string,,Generated molecule index 55 with the SAFE scaffold decoration algorithm
smiles_056,string,,Generated molecule index 56 with the SAFE scaffold decoration algorithm
smiles_057,string,,Generated molecule index 57 with the SAFE scaffold decoration algorithm
smiles_058,string,,Generated molecule index 58 with the SAFE scaffold decoration algorithm
smiles_059,string,,Generated molecule index 59 with the SAFE scaffold decoration algorithm
smiles_060,string,,Generated molecule index 60 with the SAFE scaffold decoration algorithm
smiles_061,string,,Generated molecule index 61 with the SAFE scaffold decoration algorithm
smiles_062,string,,Generated molecule index 62 with the SAFE scaffold decoration algorithm
smiles_063,string,,Generated molecule index 63 with the SAFE scaffold decoration algorithm
smiles_064,string,,Generated molecule index 64 with the SAFE scaffold decoration algorithm
smiles_065,string,,Generated molecule index 65 with the SAFE scaffold decoration algorithm
smiles_066,string,,Generated molecule index 66 with the SAFE scaffold decoration algorithm
smiles_067,string,,Generated molecule index 67 with the SAFE scaffold decoration algorithm
smiles_068,string,,Generated molecule index 68 with the SAFE scaffold decoration algorithm
smiles_069,string,,Generated molecule index 69 with the SAFE scaffold decoration algorithm
smiles_070,string,,Generated molecule index 70 with the SAFE scaffold decoration algorithm
smiles_071,string,,Generated molecule index 71 with the SAFE scaffold decoration algorithm
smiles_072,string,,Generated molecule index 72 with the SAFE scaffold decoration algorithm
smiles_073,string,,Generated molecule index 73 with the SAFE scaffold decoration algorithm
smiles_074,string,,Generated molecule index 74 with the SAFE scaffold decoration algorithm
smiles_075,string,,Generated molecule index 75 with the SAFE scaffold decoration algorithm
smiles_076,string,,Generated molecule index 76 with the SAFE scaffold decoration algorithm
smiles_077,string,,Generated molecule index 77 with the SAFE scaffold decoration algorithm
smiles_078,string,,Generated molecule index 78 with the SAFE scaffold decoration algorithm
smiles_079,string,,Generated molecule index 79 with the SAFE scaffold decoration algorithm
smiles_080,string,,Generated molecule index 80 with the SAFE scaffold decoration algorithm
smiles_081,string,,Generated molecule index 81 with the SAFE scaffold decoration algorithm
smiles_082,string,,Generated molecule index 82 with the SAFE scaffold decoration algorithm
smiles_083,string,,Generated molecule index 83 with the SAFE scaffold decoration algorithm
smiles_084,string,,Generated molecule index 84 with the SAFE scaffold decoration algorithm
smiles_085,string,,Generated molecule index 85 with the SAFE scaffold decoration algorithm
smiles_086,string,,Generated molecule index 86 with the SAFE scaffold decoration algorithm
smiles_087,string,,Generated molecule index 87 with the SAFE scaffold decoration algorithm
smiles_088,string,,Generated molecule index 88 with the SAFE scaffold decoration algorithm
smiles_089,string,,Generated molecule index 89 with the SAFE scaffold decoration algorithm
smiles_090,string,,Generated molecule index 90 with the SAFE scaffold decoration algorithm
smiles_091,string,,Generated molecule index 91 with the SAFE scaffold decoration algorithm
smiles_092,string,,Generated molecule index 92 with the SAFE scaffold decoration algorithm
smiles_093,string,,Generated molecule index 93 with the SAFE scaffold decoration algorithm
smiles_094,string,,Generated molecule index 94 with the SAFE scaffold decoration algorithm
smiles_095,string,,Generated molecule index 95 with the SAFE scaffold decoration algorithm
smiles_096,string,,Generated molecule index 96 with the SAFE scaffold decoration algorithm
smiles_097,string,,Generated molecule index 97 with the SAFE scaffold decoration algorithm
smiles_098,string,,Generated molecule index 98 with the SAFE scaffold decoration algorithm
smiles_099,string,,Generated molecule index 99 with the SAFE scaffold decoration algorithm
smiles_100,string,,Generated molecule index 100 with the SAFE scaffold decoration algorithm
smiles_101,string,,Generated molecule index 101 with the SAFE scaffold decoration algorithm
smiles_102,string,,Generated molecule index 102 with the SAFE scaffold decoration algorithm
smiles_103,string,,Generated molecule index 103 with the SAFE scaffold decoration algorithm
smiles_104,string,,Generated molecule index 104 with the SAFE scaffold decoration algorithm
smiles_105,string,,Generated molecule index 105 with the SAFE scaffold decoration algorithm
smiles_106,string,,Generated molecule index 106 with the SAFE scaffold decoration algorithm
smiles_107,string,,Generated molecule index 107 with the SAFE scaffold decoration algorithm
smiles_108,string,,Generated molecule index 108 with the SAFE scaffold decoration algorithm
smiles_109,string,,Generated molecule index 109 with the SAFE scaffold decoration algorithm
smiles_110,string,,Generated molecule index 110 with the SAFE scaffold decoration algorithm
smiles_111,string,,Generated molecule index 111 with the SAFE scaffold decoration algorithm
smiles_112,string,,Generated molecule index 112 with the SAFE scaffold decoration algorithm
smiles_113,string,,Generated molecule index 113 with the SAFE scaffold decoration algorithm
smiles_114,string,,Generated molecule index 114 with the SAFE scaffold decoration algorithm
smiles_115,string,,Generated molecule index 115 with the SAFE scaffold decoration algorithm
smiles_116,string,,Generated molecule index 116 with the SAFE scaffold decoration algorithm
smiles_117,string,,Generated molecule index 117 with the SAFE scaffold decoration algorithm
smiles_118,string,,Generated molecule index 118 with the SAFE scaffold decoration algorithm
smiles_119,string,,Generated molecule index 119 with the SAFE scaffold decoration algorithm
smiles_120,string,,Generated molecule index 120 with the SAFE scaffold decoration algorithm
smiles_121,string,,Generated molecule index 121 with the SAFE scaffold decoration algorithm
smiles_122,string,,Generated molecule index 122 with the SAFE scaffold decoration algorithm
smiles_123,string,,Generated molecule index 123 with the SAFE scaffold decoration algorithm
smiles_124,string,,Generated molecule index 124 with the SAFE scaffold decoration algorithm
smiles_125,string,,Generated molecule index 125 with the SAFE scaffold decoration algorithm
smiles_126,string,,Generated molecule index 126 with the SAFE scaffold decoration algorithm
smiles_127,string,,Generated molecule index 127 with the SAFE scaffold decoration algorithm
smiles_128,string,,Generated molecule index 128 with the SAFE scaffold decoration algorithm
smiles_129,string,,Generated molecule index 129 with the SAFE scaffold decoration algorithm
smiles_130,string,,Generated molecule index 130 with the SAFE scaffold decoration algorithm
smiles_131,string,,Generated molecule index 131 with the SAFE scaffold decoration algorithm
smiles_132,string,,Generated molecule index 132 with the SAFE scaffold decoration algorithm
smiles_133,string,,Generated molecule index 133 with the SAFE scaffold decoration algorithm
smiles_134,string,,Generated molecule index 134 with the SAFE scaffold decoration algorithm
smiles_135,string,,Generated molecule index 135 with the SAFE scaffold decoration algorithm
smiles_136,string,,Generated molecule index 136 with the SAFE scaffold decoration algorithm
smiles_137,string,,Generated molecule index 137 with the SAFE scaffold decoration algorithm
smiles_138,string,,Generated molecule index 138 with the SAFE scaffold decoration algorithm
smiles_139,string,,Generated molecule index 139 with the SAFE scaffold decoration algorithm
smiles_140,string,,Generated molecule index 140 with the SAFE scaffold decoration algorithm
smiles_141,string,,Generated molecule index 141 with the SAFE scaffold decoration algorithm
smiles_142,string,,Generated molecule index 142 with the SAFE scaffold decoration algorithm
smiles_143,string,,Generated molecule index 143 with the SAFE scaffold decoration algorithm
smiles_144,string,,Generated molecule index 144 with the SAFE scaffold decoration algorithm
smiles_145,string,,Generated molecule index 145 with the SAFE scaffold decoration algorithm
smiles_146,string,,Generated molecule index 146 with the SAFE scaffold decoration algorithm
smiles_147,string,,Generated molecule index 147 with the SAFE scaffold decoration algorithm
smiles_148,string,,Generated molecule index 148 with the SAFE scaffold decoration algorithm
smiles_149,string,,Generated molecule index 149 with the SAFE scaffold decoration algorithm
smiles_150,string,,Generated molecule index 150 with the SAFE scaffold decoration algorithm
smiles_151,string,,Generated molecule index 151 with the SAFE scaffold decoration algorithm
smiles_152,string,,Generated molecule index 152 with the SAFE scaffold decoration algorithm
smiles_153,string,,Generated molecule index 153 with the SAFE scaffold decoration algorithm
smiles_154,string,,Generated molecule index 154 with the SAFE scaffold decoration algorithm
smiles_155,string,,Generated molecule index 155 with the SAFE scaffold decoration algorithm
smiles_156,string,,Generated molecule index 156 with the SAFE scaffold decoration algorithm
smiles_157,string,,Generated molecule index 157 with the SAFE scaffold decoration algorithm
smiles_158,string,,Generated molecule index 158 with the SAFE scaffold decoration algorithm
smiles_159,string,,Generated molecule index 159 with the SAFE scaffold decoration algorithm
smiles_160,string,,Generated molecule index 160 with the SAFE scaffold decoration algorithm
smiles_161,string,,Generated molecule index 161 with the SAFE scaffold decoration algorithm
smiles_162,string,,Generated molecule index 162 with the SAFE scaffold decoration algorithm
smiles_163,string,,Generated molecule index 163 with the SAFE scaffold decoration algorithm
smiles_164,string,,Generated molecule index 164 with the SAFE scaffold decoration algorithm
smiles_165,string,,Generated molecule index 165 with the SAFE scaffold decoration algorithm
smiles_166,string,,Generated molecule index 166 with the SAFE scaffold decoration algorithm
smiles_167,string,,Generated molecule index 167 with the SAFE scaffold decoration algorithm
smiles_168,string,,Generated molecule index 168 with the SAFE scaffold decoration algorithm
smiles_169,string,,Generated molecule index 169 with the SAFE scaffold decoration algorithm
smiles_170,string,,Generated molecule index 170 with the SAFE scaffold decoration algorithm
smiles_171,string,,Generated molecule index 171 with the SAFE scaffold decoration algorithm
smiles_172,string,,Generated molecule index 172 with the SAFE scaffold decoration algorithm
smiles_173,string,,Generated molecule index 173 with the SAFE scaffold decoration algorithm
smiles_174,string,,Generated molecule index 174 with the SAFE scaffold decoration algorithm
smiles_175,string,,Generated molecule index 175 with the SAFE scaffold decoration algorithm
smiles_176,string,,Generated molecule index 176 with the SAFE scaffold decoration algorithm
smiles_177,string,,Generated molecule index 177 with the SAFE scaffold decoration algorithm
smiles_178,string,,Generated molecule index 178 with the SAFE scaffold decoration algorithm
smiles_179,string,,Generated molecule index 179 with the SAFE scaffold decoration algorithm
smiles_180,string,,Generated molecule index 180 with the SAFE scaffold decoration algorithm
smiles_181,string,,Generated molecule index 181 with the SAFE scaffold decoration algorithm
smiles_182,string,,Generated molecule index 182 with the SAFE scaffold decoration algorithm
smiles_183,string,,Generated molecule index 183 with the SAFE scaffold decoration algorithm
smiles_184,string,,Generated molecule index 184 with the SAFE scaffold decoration algorithm
smiles_185,string,,Generated molecule index 185 with the SAFE scaffold decoration algorithm
smiles_186,string,,Generated molecule index 186 with the SAFE scaffold decoration algorithm
smiles_187,string,,Generated molecule index 187 with the SAFE scaffold decoration algorithm
smiles_188,string,,Generated molecule index 188 with the SAFE scaffold decoration algorithm
smiles_189,string,,Generated molecule index 189 with the SAFE scaffold decoration algorithm
smiles_190,string,,Generated molecule index 190 with the SAFE scaffold decoration algorithm
smiles_191,string,,Generated molecule index 191 with the SAFE scaffold decoration algorithm
smiles_192,string,,Generated molecule index 192 with the SAFE scaffold decoration algorithm
smiles_193,string,,Generated molecule index 193 with the SAFE scaffold decoration algorithm
smiles_194,string,,Generated molecule index 194 with the SAFE scaffold decoration algorithm
smiles_195,string,,Generated molecule index 195 with the SAFE scaffold decoration algorithm
smiles_196,string,,Generated molecule index 196 with the SAFE scaffold decoration algorithm
smiles_197,string,,Generated molecule index 197 with the SAFE scaffold decoration algorithm
smiles_198,string,,Generated molecule index 198 with the SAFE scaffold decoration algorithm
smiles_199,string,,Generated molecule index 199 with the SAFE scaffold decoration algorithm
smiles_200,string,,Generated molecule index 200 with the SAFE scaffold decoration algorithm
smiles_201,string,,Generated molecule index 201 with the SAFE scaffold decoration algorithm
smiles_202,string,,Generated molecule index 202 with the SAFE scaffold decoration algorithm
smiles_203,string,,Generated molecule index 203 with the SAFE scaffold decoration algorithm
smiles_204,string,,Generated molecule index 204 with the SAFE scaffold decoration algorithm
smiles_205,string,,Generated molecule index 205 with the SAFE scaffold decoration algorithm
smiles_206,string,,Generated molecule index 206 with the SAFE scaffold decoration algorithm
smiles_207,string,,Generated molecule index 207 with the SAFE scaffold decoration algorithm
smiles_208,string,,Generated molecule index 208 with the SAFE scaffold decoration algorithm
smiles_209,string,,Generated molecule index 209 with the SAFE scaffold decoration algorithm
smiles_210,string,,Generated molecule index 210 with the SAFE scaffold decoration algorithm
smiles_211,string,,Generated molecule index 211 with the SAFE scaffold decoration algorithm
smiles_212,string,,Generated molecule index 212 with the SAFE scaffold decoration algorithm
smiles_213,string,,Generated molecule index 213 with the SAFE scaffold decoration algorithm
smiles_214,string,,Generated molecule index 214 with the SAFE scaffold decoration algorithm
smiles_215,string,,Generated molecule index 215 with the SAFE scaffold decoration algorithm
smiles_216,string,,Generated molecule index 216 with the SAFE scaffold decoration algorithm
smiles_217,string,,Generated molecule index 217 with the SAFE scaffold decoration algorithm
smiles_218,string,,Generated molecule index 218 with the SAFE scaffold decoration algorithm
smiles_219,string,,Generated molecule index 219 with the SAFE scaffold decoration algorithm
smiles_220,string,,Generated molecule index 220 with the SAFE scaffold decoration algorithm
smiles_221,string,,Generated molecule index 221 with the SAFE scaffold decoration algorithm
smiles_222,string,,Generated molecule index 222 with the SAFE scaffold decoration algorithm
smiles_223,string,,Generated molecule index 223 with the SAFE scaffold decoration algorithm
smiles_224,string,,Generated molecule index 224 with the SAFE scaffold decoration algorithm
smiles_225,string,,Generated molecule index 225 with the SAFE scaffold decoration algorithm
smiles_226,string,,Generated molecule index 226 with the SAFE scaffold decoration algorithm
smiles_227,string,,Generated molecule index 227 with the SAFE scaffold decoration algorithm
smiles_228,string,,Generated molecule index 228 with the SAFE scaffold decoration algorithm
smiles_229,string,,Generated molecule index 229 with the SAFE scaffold decoration algorithm
smiles_230,string,,Generated molecule index 230 with the SAFE scaffold decoration algorithm
smiles_231,string,,Generated molecule index 231 with the SAFE scaffold decoration algorithm
smiles_232,string,,Generated molecule index 232 with the SAFE scaffold decoration algorithm
smiles_233,string,,Generated molecule index 233 with the SAFE scaffold decoration algorithm
smiles_234,string,,Generated molecule index 234 with the SAFE scaffold decoration algorithm
smiles_235,string,,Generated molecule index 235 with the SAFE scaffold decoration algorithm
smiles_236,string,,Generated molecule index 236 with the SAFE scaffold decoration algorithm
smiles_237,string,,Generated molecule index 237 with the SAFE scaffold decoration algorithm
smiles_238,string,,Generated molecule index 238 with the SAFE scaffold decoration algorithm
smiles_239,string,,Generated molecule index 239 with the SAFE scaffold decoration algorithm
smiles_240,string,,Generated molecule index 240 with the SAFE scaffold decoration algorithm
smiles_241,string,,Generated molecule index 241 with the SAFE scaffold decoration algorithm
smiles_242,string,,Generated molecule index 242 with the SAFE scaffold decoration algorithm
smiles_243,string,,Generated molecule index 243 with the SAFE scaffold decoration algorithm
smiles_244,string,,Generated molecule index 244 with the SAFE scaffold decoration algorithm
smiles_245,string,,Generated molecule index 245 with the SAFE scaffold decoration algorithm
smiles_246,string,,Generated molecule index 246 with the SAFE scaffold decoration algorithm
smiles_247,string,,Generated molecule index 247 with the SAFE scaffold decoration algorithm
smiles_248,string,,Generated molecule index 248 with the SAFE scaffold decoration algorithm
smiles_249,string,,Generated molecule index 249 with the SAFE scaffold decoration algorithm
smiles_250,string,,Generated molecule index 250 with the SAFE scaffold decoration algorithm
smiles_251,string,,Generated molecule index 251 with the SAFE scaffold decoration algorithm
smiles_252,string,,Generated molecule index 252 with the SAFE scaffold decoration algorithm
smiles_253,string,,Generated molecule index 253 with the SAFE scaffold decoration algorithm
smiles_254,string,,Generated molecule index 254 with the SAFE scaffold decoration algorithm
smiles_255,string,,Generated molecule index 255 with the SAFE scaffold decoration algorithm
smiles_256,string,,Generated molecule index 256 with the SAFE scaffold decoration algorithm
smiles_257,string,,Generated molecule index 257 with the SAFE scaffold decoration algorithm
smiles_258,string,,Generated molecule index 258 with the SAFE scaffold decoration algorithm
smiles_259,string,,Generated molecule index 259 with the SAFE scaffold decoration algorithm
smiles_260,string,,Generated molecule index 260 with the SAFE scaffold decoration algorithm
smiles_261,string,,Generated molecule index 261 with the SAFE scaffold decoration algorithm
smiles_262,string,,Generated molecule index 262 with the SAFE scaffold decoration algorithm
smiles_263,string,,Generated molecule index 263 with the SAFE scaffold decoration algorithm
smiles_264,string,,Generated molecule index 264 with the SAFE scaffold decoration algorithm
smiles_265,string,,Generated molecule index 265 with the SAFE scaffold decoration algorithm
smiles_266,string,,Generated molecule index 266 with the SAFE scaffold decoration algorithm
smiles_267,string,,Generated molecule index 267 with the SAFE scaffold decoration algorithm
smiles_268,string,,Generated molecule index 268 with the SAFE scaffold decoration algorithm
smiles_269,string,,Generated molecule index 269 with the SAFE scaffold decoration algorithm
smiles_270,string,,Generated molecule index 270 with the SAFE scaffold decoration algorithm
smiles_271,string,,Generated molecule index 271 with the SAFE scaffold decoration algorithm
smiles_272,string,,Generated molecule index 272 with the SAFE scaffold decoration algorithm
smiles_273,string,,Generated molecule index 273 with the SAFE scaffold decoration algorithm
smiles_274,string,,Generated molecule index 274 with the SAFE scaffold decoration algorithm
smiles_275,string,,Generated molecule index 275 with the SAFE scaffold decoration algorithm
smiles_276,string,,Generated molecule index 276 with the SAFE scaffold decoration algorithm
smiles_277,string,,Generated molecule index 277 with the SAFE scaffold decoration algorithm
smiles_278,string,,Generated molecule index 278 with the SAFE scaffold decoration algorithm
smiles_279,string,,Generated molecule index 279 with the SAFE scaffold decoration algorithm
smiles_280,string,,Generated molecule index 280 with the SAFE scaffold decoration algorithm
smiles_281,string,,Generated molecule index 281 with the SAFE scaffold decoration algorithm
smiles_282,string,,Generated molecule index 282 with the SAFE scaffold decoration algorithm
smiles_283,string,,Generated molecule index 283 with the SAFE scaffold decoration algorithm
smiles_284,string,,Generated molecule index 284 with the SAFE scaffold decoration algorithm
smiles_285,string,,Generated molecule index 285 with the SAFE scaffold decoration algorithm
smiles_286,string,,Generated molecule index 286 with the SAFE scaffold decoration algorithm
smiles_287,string,,Generated molecule index 287 with the SAFE scaffold decoration algorithm
smiles_288,string,,Generated molecule index 288 with the SAFE scaffold decoration algorithm
smiles_289,string,,Generated molecule index 289 with the SAFE scaffold decoration algorithm
smiles_290,string,,Generated molecule index 290 with the SAFE scaffold decoration algorithm
smiles_291,string,,Generated molecule index 291 with the SAFE scaffold decoration algorithm
smiles_292,string,,Generated molecule index 292 with the SAFE scaffold decoration algorithm
smiles_293,string,,Generated molecule index 293 with the SAFE scaffold decoration algorithm
smiles_294,string,,Generated molecule index 294 with the SAFE scaffold decoration algorithm
smiles_295,string,,Generated molecule index 295 with the SAFE scaffold decoration algorithm
smiles_296,string,,Generated molecule index 296 with the SAFE scaffold decoration algorithm
smiles_297,string,,Generated molecule index 297 with the SAFE scaffold decoration algorithm
smiles_298,string,,Generated molecule index 298 with the SAFE scaffold decoration algorithm
smiles_299,string,,Generated molecule index 299 with the SAFE scaffold decoration algorithm
smiles_300,string,,Generated molecule index 300 with the SAFE scaffold decoration algorithm
smiles_301,string,,Generated molecule index 301 with the SAFE scaffold decoration algorithm
smiles_302,string,,Generated molecule index 302 with the SAFE scaffold decoration algorithm
smiles_303,string,,Generated molecule index 303 with the SAFE scaffold decoration algorithm
smiles_304,string,,Generated molecule index 304 with the SAFE scaffold decoration algorithm
smiles_305,string,,Generated molecule index 305 with the SAFE scaffold decoration algorithm
smiles_306,string,,Generated molecule index 306 with the SAFE scaffold decoration algorithm
smiles_307,string,,Generated molecule index 307 with the SAFE scaffold decoration algorithm
smiles_308,string,,Generated molecule index 308 with the SAFE scaffold decoration algorithm
smiles_309,string,,Generated molecule index 309 with the SAFE scaffold decoration algorithm
smiles_310,string,,Generated molecule index 310 with the SAFE scaffold decoration algorithm
smiles_311,string,,Generated molecule index 311 with the SAFE scaffold decoration algorithm
smiles_312,string,,Generated molecule index 312 with the SAFE scaffold decoration algorithm
smiles_313,string,,Generated molecule index 313 with the SAFE scaffold decoration algorithm
smiles_314,string,,Generated molecule index 314 with the SAFE scaffold decoration algorithm
smiles_315,string,,Generated molecule index 315 with the SAFE scaffold decoration algorithm
smiles_316,string,,Generated molecule index 316 with the SAFE scaffold decoration algorithm
smiles_317,string,,Generated molecule index 317 with the SAFE scaffold decoration algorithm
smiles_318,string,,Generated molecule index 318 with the SAFE scaffold decoration algorithm
smiles_319,string,,Generated molecule index 319 with the SAFE scaffold decoration algorithm
smiles_320,string,,Generated molecule index 320 with the SAFE scaffold decoration algorithm
smiles_321,string,,Generated molecule index 321 with the SAFE scaffold decoration algorithm
smiles_322,string,,Generated molecule index 322 with the SAFE scaffold decoration algorithm
smiles_323,string,,Generated molecule index 323 with the SAFE scaffold decoration algorithm
smiles_324,string,,Generated molecule index 324 with the SAFE scaffold decoration algorithm
smiles_325,string,,Generated molecule index 325 with the SAFE scaffold decoration algorithm
smiles_326,string,,Generated molecule index 326 with the SAFE scaffold decoration algorithm
smiles_327,string,,Generated molecule index 327 with the SAFE scaffold decoration algorithm
smiles_328,string,,Generated molecule index 328 with the SAFE scaffold decoration algorithm
smiles_329,string,,Generated molecule index 329 with the SAFE scaffold decoration algorithm
smiles_330,string,,Generated molecule index 330 with the SAFE scaffold decoration algorithm
smiles_331,string,,Generated molecule index 331 with the SAFE scaffold decoration algorithm
smiles_332,string,,Generated molecule index 332 with the SAFE scaffold decoration algorithm
smiles_333,string,,Generated molecule index 333 with the SAFE scaffold decoration algorithm
smiles_334,string,,Generated molecule index 334 with the SAFE scaffold decoration algorithm
smiles_335,string,,Generated molecule index 335 with the SAFE scaffold decoration algorithm
smiles_336,string,,Generated molecule index 336 with the SAFE scaffold decoration algorithm
smiles_337,string,,Generated molecule index 337 with the SAFE scaffold decoration algorithm
smiles_338,string,,Generated molecule index 338 with the SAFE scaffold decoration algorithm
smiles_339,string,,Generated molecule index 339 with the SAFE scaffold decoration algorithm
smiles_340,string,,Generated molecule index 340 with the SAFE scaffold decoration algorithm
smiles_341,string,,Generated molecule index 341 with the SAFE scaffold decoration algorithm
smiles_342,string,,Generated molecule index 342 with the SAFE scaffold decoration algorithm
smiles_343,string,,Generated molecule index 343 with the SAFE scaffold decoration algorithm
smiles_344,string,,Generated molecule index 344 with the SAFE scaffold decoration algorithm
smiles_345,string,,Generated molecule index 345 with the SAFE scaffold decoration algorithm
smiles_346,string,,Generated molecule index 346 with the SAFE scaffold decoration algorithm
smiles_347,string,,Generated molecule index 347 with the SAFE scaffold decoration algorithm
smiles_348,string,,Generated molecule index 348 with the SAFE scaffold decoration algorithm
smiles_349,string,,Generated molecule index 349 with the SAFE scaffold decoration algorithm
smiles_350,string,,Generated molecule index 350 with the SAFE scaffold decoration algorithm
smiles_351,string,,Generated molecule index 351 with the SAFE scaffold decoration algorithm
smiles_352,string,,Generated molecule index 352 with the SAFE scaffold decoration algorithm
smiles_353,string,,Generated molecule index 353 with the SAFE scaffold decoration algorithm
smiles_354,string,,Generated molecule index 354 with the SAFE scaffold decoration algorithm
smiles_355,string,,Generated molecule index 355 with the SAFE scaffold decoration algorithm
smiles_356,string,,Generated molecule index 356 with the SAFE scaffold decoration algorithm
smiles_357,string,,Generated molecule index 357 with the SAFE scaffold decoration algorithm
smiles_358,string,,Generated molecule index 358 with the SAFE scaffold decoration algorithm
smiles_359,string,,Generated molecule index 359 with the SAFE scaffold decoration algorithm
smiles_360,string,,Generated molecule index 360 with the SAFE scaffold decoration algorithm
smiles_361,string,,Generated molecule index 361 with the SAFE scaffold decoration algorithm
smiles_362,string,,Generated molecule index 362 with the SAFE scaffold decoration algorithm
smiles_363,string,,Generated molecule index 363 with the SAFE scaffold decoration algorithm
smiles_364,string,,Generated molecule index 364 with the SAFE scaffold decoration algorithm
smiles_365,string,,Generated molecule index 365 with the SAFE scaffold decoration algorithm
smiles_366,string,,Generated molecule index 366 with the SAFE scaffold decoration algorithm
smiles_367,string,,Generated molecule index 367 with the SAFE scaffold decoration algorithm
smiles_368,string,,Generated molecule index 368 with the SAFE scaffold decoration algorithm
smiles_369,string,,Generated molecule index 369 with the SAFE scaffold decoration algorithm
smiles_370,string,,Generated molecule index 370 with the SAFE scaffold decoration algorithm
smiles_371,string,,Generated molecule index 371 with the SAFE scaffold decoration algorithm
smiles_372,string,,Generated molecule index 372 with the SAFE scaffold decoration algorithm
smiles_373,string,,Generated molecule index 373 with the SAFE scaffold decoration algorithm
smiles_374,string,,Generated molecule index 374 with the SAFE scaffold decoration algorithm
smiles_375,string,,Generated molecule index 375 with the SAFE scaffold decoration algorithm
smiles_376,string,,Generated molecule index 376 with the SAFE scaffold decoration algorithm
smiles_377,string,,Generated molecule index 377 with the SAFE scaffold decoration algorithm
smiles_378,string,,Generated molecule index 378 with the SAFE scaffold decoration algorithm
smiles_379,string,,Generated molecule index 379 with the SAFE scaffold decoration algorithm
smiles_380,string,,Generated molecule index 380 with the SAFE scaffold decoration algorithm
smiles_381,string,,Generated molecule index 381 with the SAFE scaffold decoration algorithm
smiles_382,string,,Generated molecule index 382 with the SAFE scaffold decoration algorithm
smiles_383,string,,Generated molecule index 383 with the SAFE scaffold decoration algorithm
smiles_384,string,,Generated molecule index 384 with the SAFE scaffold decoration algorithm
smiles_385,string,,Generated molecule index 385 with the SAFE scaffold decoration algorithm
smiles_386,string,,Generated molecule index 386 with the SAFE scaffold decoration algorithm
smiles_387,string,,Generated molecule index 387 with the SAFE scaffold decoration algorithm
smiles_388,string,,Generated molecule index 388 with the SAFE scaffold decoration algorithm
smiles_389,string,,Generated molecule index 389 with the SAFE scaffold decoration algorithm
smiles_390,string,,Generated molecule index 390 with the SAFE scaffold decoration algorithm
smiles_391,string,,Generated molecule index 391 with the SAFE scaffold decoration algorithm
smiles_392,string,,Generated molecule index 392 with the SAFE scaffold decoration algorithm
smiles_393,string,,Generated molecule index 393 with the SAFE scaffold decoration algorithm
smiles_394,string,,Generated molecule index 394 with the SAFE scaffold decoration algorithm
smiles_395,string,,Generated molecule index 395 with the SAFE scaffold decoration algorithm
smiles_396,string,,Generated molecule index 396 with the SAFE scaffold decoration algorithm
smiles_397,string,,Generated molecule index 397 with the SAFE scaffold decoration algorithm
smiles_398,string,,Generated molecule index 398 with the SAFE scaffold decoration algorithm
smiles_399,string,,Generated molecule index 399 with the SAFE scaffold decoration algorithm
smiles_400,string,,Generated molecule index 400 with the SAFE scaffold decoration algorithm
smiles_401,string,,Generated molecule index 401 with the SAFE scaffold decoration algorithm
smiles_402,string,,Generated molecule index 402 with the SAFE scaffold decoration algorithm
smiles_403,string,,Generated molecule index 403 with the SAFE scaffold decoration algorithm
smiles_404,string,,Generated molecule index 404 with the SAFE scaffold decoration algorithm
smiles_405,string,,Generated molecule index 405 with the SAFE scaffold decoration algorithm
smiles_406,string,,Generated molecule index 406 with the SAFE scaffold decoration algorithm
smiles_407,string,,Generated molecule index 407 with the SAFE scaffold decoration algorithm
smiles_408,string,,Generated molecule index 408 with the SAFE scaffold decoration algorithm
smiles_409,string,,Generated molecule index 409 with the SAFE scaffold decoration algorithm
smiles_410,string,,Generated molecule index 410 with the SAFE scaffold decoration algorithm
smiles_411,string,,Generated molecule index 411 with the SAFE scaffold decoration algorithm
smiles_412,string,,Generated molecule index 412 with the SAFE scaffold decoration algorithm
smiles_413,string,,Generated molecule index 413 with the SAFE scaffold decoration algorithm
smiles_414,string,,Generated molecule index 414 with the SAFE scaffold decoration algorithm
smiles_415,string,,Generated molecule index 415 with the SAFE scaffold decoration algorithm
smiles_416,string,,Generated molecule index 416 with the SAFE scaffold decoration algorithm
smiles_417,string,,Generated molecule index 417 with the SAFE scaffold decoration algorithm
smiles_418,string,,Generated molecule index 418 with the SAFE scaffold decoration algorithm
smiles_419,string,,Generated molecule index 419 with the SAFE scaffold decoration algorithm
smiles_420,string,,Generated molecule index 420 with the SAFE scaffold decoration algorithm
smiles_421,string,,Generated molecule index 421 with the SAFE scaffold decoration algorithm
smiles_422,string,,Generated molecule index 422 with the SAFE scaffold decoration algorithm
smiles_423,string,,Generated molecule index 423 with the SAFE scaffold decoration algorithm
smiles_424,string,,Generated molecule index 424 with the SAFE scaffold decoration algorithm
smiles_425,string,,Generated molecule index 425 with the SAFE scaffold decoration algorithm
smiles_426,string,,Generated molecule index 426 with the SAFE scaffold decoration algorithm
smiles_427,string,,Generated molecule index 427 with the SAFE scaffold decoration algorithm
smiles_428,string,,Generated molecule index 428 with the SAFE scaffold decoration algorithm
smiles_429,string,,Generated molecule index 429 with the SAFE scaffold decoration algorithm
smiles_430,string,,Generated molecule index 430 with the SAFE scaffold decoration algorithm
smiles_431,string,,Generated molecule index 431 with the SAFE scaffold decoration algorithm
smiles_432,string,,Generated molecule index 432 with the SAFE scaffold decoration algorithm
smiles_433,string,,Generated molecule index 433 with the SAFE scaffold decoration algorithm
smiles_434,string,,Generated molecule index 434 with the SAFE scaffold decoration algorithm
smiles_435,string,,Generated molecule index 435 with the SAFE scaffold decoration algorithm
smiles_436,string,,Generated molecule index 436 with the SAFE scaffold decoration algorithm
smiles_437,string,,Generated molecule index 437 with the SAFE scaffold decoration algorithm
smiles_438,string,,Generated molecule index 438 with the SAFE scaffold decoration algorithm
smiles_439,string,,Generated molecule index 439 with the SAFE scaffold decoration algorithm
smiles_440,string,,Generated molecule index 440 with the SAFE scaffold decoration algorithm
smiles_441,string,,Generated molecule index 441 with the SAFE scaffold decoration algorithm
smiles_442,string,,Generated molecule index 442 with the SAFE scaffold decoration algorithm
smiles_443,string,,Generated molecule index 443 with the SAFE scaffold decoration algorithm
smiles_444,string,,Generated molecule index 444 with the SAFE scaffold decoration algorithm
smiles_445,string,,Generated molecule index 445 with the SAFE scaffold decoration algorithm
smiles_446,string,,Generated molecule index 446 with the SAFE scaffold decoration algorithm
smiles_447,string,,Generated molecule index 447 with the SAFE scaffold decoration algorithm
smiles_448,string,,Generated molecule index 448 with the SAFE scaffold decoration algorithm
smiles_449,string,,Generated molecule index 449 with the SAFE scaffold decoration algorithm
smiles_450,string,,Generated molecule index 450 with the SAFE scaffold decoration algorithm
smiles_451,string,,Generated molecule index 451 with the SAFE scaffold decoration algorithm
smiles_452,string,,Generated molecule index 452 with the SAFE scaffold decoration algorithm
smiles_453,string,,Generated molecule index 453 with the SAFE scaffold decoration algorithm
smiles_454,string,,Generated molecule index 454 with the SAFE scaffold decoration algorithm
smiles_455,string,,Generated molecule index 455 with the SAFE scaffold decoration algorithm
smiles_456,string,,Generated molecule index 456 with the SAFE scaffold decoration algorithm
smiles_457,string,,Generated molecule index 457 with the SAFE scaffold decoration algorithm
smiles_458,string,,Generated molecule index 458 with the SAFE scaffold decoration algorithm
smiles_459,string,,Generated molecule index 459 with the SAFE scaffold decoration algorithm
smiles_460,string,,Generated molecule index 460 with the SAFE scaffold decoration algorithm
smiles_461,string,,Generated molecule index 461 with the SAFE scaffold decoration algorithm
smiles_462,string,,Generated molecule index 462 with the SAFE scaffold decoration algorithm
smiles_463,string,,Generated molecule index 463 with the SAFE scaffold decoration algorithm
smiles_464,string,,Generated molecule index 464 with the SAFE scaffold decoration algorithm
smiles_465,string,,Generated molecule index 465 with the SAFE scaffold decoration algorithm
smiles_466,string,,Generated molecule index 466 with the SAFE scaffold decoration algorithm
smiles_467,string,,Generated molecule index 467 with the SAFE scaffold decoration algorithm
smiles_468,string,,Generated molecule index 468 with the SAFE scaffold decoration algorithm
smiles_469,string,,Generated molecule index 469 with the SAFE scaffold decoration algorithm
smiles_470,string,,Generated molecule index 470 with the SAFE scaffold decoration algorithm
smiles_471,string,,Generated molecule index 471 with the SAFE scaffold decoration algorithm
smiles_472,string,,Generated molecule index 472 with the SAFE scaffold decoration algorithm
smiles_473,string,,Generated molecule index 473 with the SAFE scaffold decoration algorithm
smiles_474,string,,Generated molecule index 474 with the SAFE scaffold decoration algorithm
smiles_475,string,,Generated molecule index 475 with the SAFE scaffold decoration algorithm
smiles_476,string,,Generated molecule index 476 with the SAFE scaffold decoration algorithm
smiles_477,string,,Generated molecule index 477 with the SAFE scaffold decoration algorithm
smiles_478,string,,Generated molecule index 478 with the SAFE scaffold decoration algorithm
smiles_479,string,,Generated molecule index 479 with the SAFE scaffold decoration algorithm
smiles_480,string,,Generated molecule index 480 with the SAFE scaffold decoration algorithm
smiles_481,string,,Generated molecule index 481 with the SAFE scaffold decoration algorithm
smiles_482,string,,Generated molecule index 482 with the SAFE scaffold decoration algorithm
smiles_483,string,,Generated molecule index 483 with the SAFE scaffold decoration algorithm
smiles_484,string,,Generated molecule index 484 with the SAFE scaffold decoration algorithm
smiles_485,string,,Generated molecule index 485 with the SAFE scaffold decoration algorithm
smiles_486,string,,Generated molecule index 486 with the SAFE scaffold decoration algorithm
smiles_487,string,,Generated molecule index 487 with the SAFE scaffold decoration algorithm
smiles_488,string,,Generated molecule index 488 with the SAFE scaffold decoration algorithm
smiles_489,string,,Generated molecule index 489 with the SAFE scaffold decoration algorithm
smiles_490,string,,Generated molecule index 490 with the SAFE scaffold decoration algorithm
smiles_491,string,,Generated molecule index 491 with the SAFE scaffold decoration algorithm
smiles_492,string,,Generated molecule index 492 with the SAFE scaffold decoration algorithm
smiles_493,string,,Generated molecule index 493 with the SAFE scaffold decoration algorithm
smiles_494,string,,Generated molecule index 494 with the SAFE scaffold decoration algorithm
smiles_495,string,,Generated molecule index 495 with the SAFE scaffold decoration algorithm
smiles_496,string,,Generated molecule index 496 with the SAFE scaffold decoration algorithm
smiles_497,string,,Generated molecule index 497 with the SAFE scaffold decoration algorithm
smiles_498,string,,Generated molecule index 498 with the SAFE scaffold decoration algorithm
smiles_499,string,,Generated molecule index 499 with the SAFE scaffold decoration algorithm
smiles_500,string,,Generated molecule index 500 with the SAFE scaffold decoration algorithm
smiles_501,string,,Generated molecule index 501 with the SAFE scaffold decoration algorithm
smiles_502,string,,Generated molecule index 502 with the SAFE scaffold decoration algorithm
smiles_503,string,,Generated molecule index 503 with the SAFE scaffold decoration algorithm
smiles_504,string,,Generated molecule index 504 with the SAFE scaffold decoration algorithm
smiles_505,string,,Generated molecule index 505 with the SAFE scaffold decoration algorithm
smiles_506,string,,Generated molecule index 506 with the SAFE scaffold decoration algorithm
smiles_507,string,,Generated molecule index 507 with the SAFE scaffold decoration algorithm
smiles_508,string,,Generated molecule index 508 with the SAFE scaffold decoration algorithm
smiles_509,string,,Generated molecule index 509 with the SAFE scaffold decoration algorithm
smiles_510,string,,Generated molecule index 510 with the SAFE scaffold decoration algorithm
smiles_511,string,,Generated molecule index 511 with the SAFE scaffold decoration algorithm
smiles_512,string,,Generated molecule index 512 with the SAFE scaffold decoration algorithm
smiles_513,string,,Generated molecule index 513 with the SAFE scaffold decoration algorithm
smiles_514,string,,Generated molecule index 514 with the SAFE scaffold decoration algorithm
smiles_515,string,,Generated molecule index 515 with the SAFE scaffold decoration algorithm
smiles_516,string,,Generated molecule index 516 with the SAFE scaffold decoration algorithm
smiles_517,string,,Generated molecule index 517 with the SAFE scaffold decoration algorithm
smiles_518,string,,Generated molecule index 518 with the SAFE scaffold decoration algorithm
smiles_519,string,,Generated molecule index 519 with the SAFE scaffold decoration algorithm
smiles_520,string,,Generated molecule index 520 with the SAFE scaffold decoration algorithm
smiles_521,string,,Generated molecule index 521 with the SAFE scaffold decoration algorithm
smiles_522,string,,Generated molecule index 522 with the SAFE scaffold decoration algorithm
smiles_523,string,,Generated molecule index 523 with the SAFE scaffold decoration algorithm
smiles_524,string,,Generated molecule index 524 with the SAFE scaffold decoration algorithm
smiles_525,string,,Generated molecule index 525 with the SAFE scaffold decoration algorithm
smiles_526,string,,Generated molecule index 526 with the SAFE scaffold decoration algorithm
smiles_527,string,,Generated molecule index 527 with the SAFE scaffold decoration algorithm
smiles_528,string,,Generated molecule index 528 with the SAFE scaffold decoration algorithm
smiles_529,string,,Generated molecule index 529 with the SAFE scaffold decoration algorithm
smiles_530,string,,Generated molecule index 530 with the SAFE scaffold decoration algorithm
smiles_531,string,,Generated molecule index 531 with the SAFE scaffold decoration algorithm
smiles_532,string,,Generated molecule index 532 with the SAFE scaffold decoration algorithm
smiles_533,string,,Generated molecule index 533 with the SAFE scaffold decoration algorithm
smiles_534,string,,Generated molecule index 534 with the SAFE scaffold decoration algorithm
smiles_535,string,,Generated molecule index 535 with the SAFE scaffold decoration algorithm
smiles_536,string,,Generated molecule index 536 with the SAFE scaffold decoration algorithm
smiles_537,string,,Generated molecule index 537 with the SAFE scaffold decoration algorithm
smiles_538,string,,Generated molecule index 538 with the SAFE scaffold decoration algorithm
smiles_539,string,,Generated molecule index 539 with the SAFE scaffold decoration algorithm
smiles_540,string,,Generated molecule index 540 with the SAFE scaffold decoration algorithm
smiles_541,string,,Generated molecule index 541 with the SAFE scaffold decoration algorithm
smiles_542,string,,Generated molecule index 542 with the SAFE scaffold decoration algorithm
smiles_543,string,,Generated molecule index 543 with the SAFE scaffold decoration algorithm
smiles_544,string,,Generated molecule index 544 with the SAFE scaffold decoration algorithm
smiles_545,string,,Generated molecule index 545 with the SAFE scaffold decoration algorithm
smiles_546,string,,Generated molecule index 546 with the SAFE scaffold decoration algorithm
smiles_547,string,,Generated molecule index 547 with the SAFE scaffold decoration algorithm
smiles_548,string,,Generated molecule index 548 with the SAFE scaffold decoration algorithm
smiles_549,string,,Generated molecule index 549 with the SAFE scaffold decoration algorithm
smiles_550,string,,Generated molecule index 550 with the SAFE scaffold decoration algorithm
smiles_551,string,,Generated molecule index 551 with the SAFE scaffold decoration algorithm
smiles_552,string,,Generated molecule index 552 with the SAFE scaffold decoration algorithm
smiles_553,string,,Generated molecule index 553 with the SAFE scaffold decoration algorithm
smiles_554,string,,Generated molecule index 554 with the SAFE scaffold decoration algorithm
smiles_555,string,,Generated molecule index 555 with the SAFE scaffold decoration algorithm
smiles_556,string,,Generated molecule index 556 with the SAFE scaffold decoration algorithm
smiles_557,string,,Generated molecule index 557 with the SAFE scaffold decoration algorithm
smiles_558,string,,Generated molecule index 558 with the SAFE scaffold decoration algorithm
smiles_559,string,,Generated molecule index 559 with the SAFE scaffold decoration algorithm
smiles_560,string,,Generated molecule index 560 with the SAFE scaffold decoration algorithm
smiles_561,string,,Generated molecule index 561 with the SAFE scaffold decoration algorithm
smiles_562,string,,Generated molecule index 562 with the SAFE scaffold decoration algorithm
smiles_563,string,,Generated molecule index 563 with the SAFE scaffold decoration algorithm
smiles_564,string,,Generated molecule index 564 with the SAFE scaffold decoration algorithm
smiles_565,string,,Generated molecule index 565 with the SAFE scaffold decoration algorithm
smiles_566,string,,Generated molecule index 566 with the SAFE scaffold decoration algorithm
smiles_567,string,,Generated molecule index 567 with the SAFE scaffold decoration algorithm
smiles_568,string,,Generated molecule index 568 with the SAFE scaffold decoration algorithm
smiles_569,string,,Generated molecule index 569 with the SAFE scaffold decoration algorithm
smiles_570,string,,Generated molecule index 570 with the SAFE scaffold decoration algorithm
smiles_571,string,,Generated molecule index 571 with the SAFE scaffold decoration algorithm
smiles_572,string,,Generated molecule index 572 with the SAFE scaffold decoration algorithm
smiles_573,string,,Generated molecule index 573 with the SAFE scaffold decoration algorithm
smiles_574,string,,Generated molecule index 574 with the SAFE scaffold decoration algorithm
smiles_575,string,,Generated molecule index 575 with the SAFE scaffold decoration algorithm
smiles_576,string,,Generated molecule index 576 with the SAFE scaffold decoration algorithm
smiles_577,string,,Generated molecule index 577 with the SAFE scaffold decoration algorithm
smiles_578,string,,Generated molecule index 578 with the SAFE scaffold decoration algorithm
smiles_579,string,,Generated molecule index 579 with the SAFE scaffold decoration algorithm
smiles_580,string,,Generated molecule index 580 with the SAFE scaffold decoration algorithm
smiles_581,string,,Generated molecule index 581 with the SAFE scaffold decoration algorithm
smiles_582,string,,Generated molecule index 582 with the SAFE scaffold decoration algorithm
smiles_583,string,,Generated molecule index 583 with the SAFE scaffold decoration algorithm
smiles_584,string,,Generated molecule index 584 with the SAFE scaffold decoration algorithm
smiles_585,string,,Generated molecule index 585 with the SAFE scaffold decoration algorithm
smiles_586,string,,Generated molecule index 586 with the SAFE scaffold decoration algorithm
smiles_587,string,,Generated molecule index 587 with the SAFE scaffold decoration algorithm
smiles_588,string,,Generated molecule index 588 with the SAFE scaffold decoration algorithm
smiles_589,string,,Generated molecule index 589 with the SAFE scaffold decoration algorithm
smiles_590,string,,Generated molecule index 590 with the SAFE scaffold decoration algorithm
smiles_591,string,,Generated molecule index 591 with the SAFE scaffold decoration algorithm
smiles_592,string,,Generated molecule index 592 with the SAFE scaffold decoration algorithm
smiles_593,string,,Generated molecule index 593 with the SAFE scaffold decoration algorithm
smiles_594,string,,Generated molecule index 594 with the SAFE scaffold decoration algorithm
smiles_595,string,,Generated molecule index 595 with the SAFE scaffold decoration algorithm
smiles_596,string,,Generated molecule index 596 with the SAFE scaffold decoration algorithm
smiles_597,string,,Generated molecule index 597 with the SAFE scaffold decoration algorithm
smiles_598,string,,Generated molecule index 598 with the SAFE scaffold decoration algorithm
smiles_599,string,,Generated molecule index 599 with the SAFE scaffold decoration algorithm
smiles_600,string,,Generated molecule index 600 with the SAFE scaffold decoration algorithm
smiles_601,string,,Generated molecule index 601 with the SAFE scaffold decoration algorithm
smiles_602,string,,Generated molecule index 602 with the SAFE scaffold decoration algorithm
smiles_603,string,,Generated molecule index 603 with the SAFE scaffold decoration algorithm
smiles_604,string,,Generated molecule index 604 with the SAFE scaffold decoration algorithm
smiles_605,string,,Generated molecule index 605 with the SAFE scaffold decoration algorithm
smiles_606,string,,Generated molecule index 606 with the SAFE scaffold decoration algorithm
smiles_607,string,,Generated molecule index 607 with the SAFE scaffold decoration algorithm
smiles_608,string,,Generated molecule index 608 with the SAFE scaffold decoration algorithm
smiles_609,string,,Generated molecule index 609 with the SAFE scaffold decoration algorithm
smiles_610,string,,Generated molecule index 610 with the SAFE scaffold decoration algorithm
smiles_611,string,,Generated molecule index 611 with the SAFE scaffold decoration algorithm
smiles_612,string,,Generated molecule index 612 with the SAFE scaffold decoration algorithm
smiles_613,string,,Generated molecule index 613 with the SAFE scaffold decoration algorithm
smiles_614,string,,Generated molecule index 614 with the SAFE scaffold decoration algorithm
smiles_615,string,,Generated molecule index 615 with the SAFE scaffold decoration algorithm
smiles_616,string,,Generated molecule index 616 with the SAFE scaffold decoration algorithm
smiles_617,string,,Generated molecule index 617 with the SAFE scaffold decoration algorithm
smiles_618,string,,Generated molecule index 618 with the SAFE scaffold decoration algorithm
smiles_619,string,,Generated molecule index 619 with the SAFE scaffold decoration algorithm
smiles_620,string,,Generated molecule index 620 with the SAFE scaffold decoration algorithm
smiles_621,string,,Generated molecule index 621 with the SAFE scaffold decoration algorithm
smiles_622,string,,Generated molecule index 622 with the SAFE scaffold decoration algorithm
smiles_623,string,,Generated molecule index 623 with the SAFE scaffold decoration algorithm
smiles_624,string,,Generated molecule index 624 with the SAFE scaffold decoration algorithm
smiles_625,string,,Generated molecule index 625 with the SAFE scaffold decoration algorithm
smiles_626,string,,Generated molecule index 626 with the SAFE scaffold decoration algorithm
smiles_627,string,,Generated molecule index 627 with the SAFE scaffold decoration algorithm
smiles_628,string,,Generated molecule index 628 with the SAFE scaffold decoration algorithm
smiles_629,string,,Generated molecule index 629 with the SAFE scaffold decoration algorithm
smiles_630,string,,Generated molecule index 630 with the SAFE scaffold decoration algorithm
smiles_631,string,,Generated molecule index 631 with the SAFE scaffold decoration algorithm
smiles_632,string,,Generated molecule index 632 with the SAFE scaffold decoration algorithm
smiles_633,string,,Generated molecule index 633 with the SAFE scaffold decoration algorithm
smiles_634,string,,Generated molecule index 634 with the SAFE scaffold decoration algorithm
smiles_635,string,,Generated molecule index 635 with the SAFE scaffold decoration algorithm
smiles_636,string,,Generated molecule index 636 with the SAFE scaffold decoration algorithm
smiles_637,string,,Generated molecule index 637 with the SAFE scaffold decoration algorithm
smiles_638,string,,Generated molecule index 638 with the SAFE scaffold decoration algorithm
smiles_639,string,,Generated molecule index 639 with the SAFE scaffold decoration algorithm
smiles_640,string,,Generated molecule index 640 with the SAFE scaffold decoration algorithm
smiles_641,string,,Generated molecule index 641 with the SAFE scaffold decoration algorithm
smiles_642,string,,Generated molecule index 642 with the SAFE scaffold decoration algorithm
smiles_643,string,,Generated molecule index 643 with the SAFE scaffold decoration algorithm
smiles_644,string,,Generated molecule index 644 with the SAFE scaffold decoration algorithm
smiles_645,string,,Generated molecule index 645 with the SAFE scaffold decoration algorithm
smiles_646,string,,Generated molecule index 646 with the SAFE scaffold decoration algorithm
smiles_647,string,,Generated molecule index 647 with the SAFE scaffold decoration algorithm
smiles_648,string,,Generated molecule index 648 with the SAFE scaffold decoration algorithm
smiles_649,string,,Generated molecule index 649 with the SAFE scaffold decoration algorithm
smiles_650,string,,Generated molecule index 650 with the SAFE scaffold decoration algorithm
smiles_651,string,,Generated molecule index 651 with the SAFE scaffold decoration algorithm
smiles_652,string,,Generated molecule index 652 with the SAFE scaffold decoration algorithm
smiles_653,string,,Generated molecule index 653 with the SAFE scaffold decoration algorithm
smiles_654,string,,Generated molecule index 654 with the SAFE scaffold decoration algorithm
smiles_655,string,,Generated molecule index 655 with the SAFE scaffold decoration algorithm
smiles_656,string,,Generated molecule index 656 with the SAFE scaffold decoration algorithm
smiles_657,string,,Generated molecule index 657 with the SAFE scaffold decoration algorithm
smiles_658,string,,Generated molecule index 658 with the SAFE scaffold decoration algorithm
smiles_659,string,,Generated molecule index 659 with the SAFE scaffold decoration algorithm
smiles_660,string,,Generated molecule index 660 with the SAFE scaffold decoration algorithm
smiles_661,string,,Generated molecule index 661 with the SAFE scaffold decoration algorithm
smiles_662,string,,Generated molecule index 662 with the SAFE scaffold decoration algorithm
smiles_663,string,,Generated molecule index 663 with the SAFE scaffold decoration algorithm
smiles_664,string,,Generated molecule index 664 with the SAFE scaffold decoration algorithm
smiles_665,string,,Generated molecule index 665 with the SAFE scaffold decoration algorithm
smiles_666,string,,Generated molecule index 666 with the SAFE scaffold decoration algorithm
smiles_667,string,,Generated molecule index 667 with the SAFE scaffold decoration algorithm
smiles_668,string,,Generated molecule index 668 with the SAFE scaffold decoration algorithm
smiles_669,string,,Generated molecule index 669 with the SAFE scaffold decoration algorithm
smiles_670,string,,Generated molecule index 670 with the SAFE scaffold decoration algorithm
smiles_671,string,,Generated molecule index 671 with the SAFE scaffold decoration algorithm
smiles_672,string,,Generated molecule index 672 with the SAFE scaffold decoration algorithm
smiles_673,string,,Generated molecule index 673 with the SAFE scaffold decoration algorithm
smiles_674,string,,Generated molecule index 674 with the SAFE scaffold decoration algorithm
smiles_675,string,,Generated molecule index 675 with the SAFE scaffold decoration algorithm
smiles_676,string,,Generated molecule index 676 with the SAFE scaffold decoration algorithm
smiles_677,string,,Generated molecule index 677 with the SAFE scaffold decoration algorithm
smiles_678,string,,Generated molecule index 678 with the SAFE scaffold decoration algorithm
smiles_679,string,,Generated molecule index 679 with the SAFE scaffold decoration algorithm
smiles_680,string,,Generated molecule index 680 with the SAFE scaffold decoration algorithm
smiles_681,string,,Generated molecule index 681 with the SAFE scaffold decoration algorithm
smiles_682,string,,Generated molecule index 682 with the SAFE scaffold decoration algorithm
smiles_683,string,,Generated molecule index 683 with the SAFE scaffold decoration algorithm
smiles_684,string,,Generated molecule index 684 with the SAFE scaffold decoration algorithm
smiles_685,string,,Generated molecule index 685 with the SAFE scaffold decoration algorithm
smiles_686,string,,Generated molecule index 686 with the SAFE scaffold decoration algorithm
smiles_687,string,,Generated molecule index 687 with the SAFE scaffold decoration algorithm
smiles_688,string,,Generated molecule index 688 with the SAFE scaffold decoration algorithm
smiles_689,string,,Generated molecule index 689 with the SAFE scaffold decoration algorithm
smiles_690,string,,Generated molecule index 690 with the SAFE scaffold decoration algorithm
smiles_691,string,,Generated molecule index 691 with the SAFE scaffold decoration algorithm
smiles_692,string,,Generated molecule index 692 with the SAFE scaffold decoration algorithm
smiles_693,string,,Generated molecule index 693 with the SAFE scaffold decoration algorithm
smiles_694,string,,Generated molecule index 694 with the SAFE scaffold decoration algorithm
smiles_695,string,,Generated molecule index 695 with the SAFE scaffold decoration algorithm
smiles_696,string,,Generated molecule index 696 with the SAFE scaffold decoration algorithm
smiles_697,string,,Generated molecule index 697 with the SAFE scaffold decoration algorithm
smiles_698,string,,Generated molecule index 698 with the SAFE scaffold decoration algorithm
smiles_699,string,,Generated molecule index 699 with the SAFE scaffold decoration algorithm
smiles_700,string,,Generated molecule index 700 with the SAFE scaffold decoration algorithm
smiles_701,string,,Generated molecule index 701 with the SAFE scaffold decoration algorithm
smiles_702,string,,Generated molecule index 702 with the SAFE scaffold decoration algorithm
smiles_703,string,,Generated molecule index 703 with the SAFE scaffold decoration algorithm
smiles_704,string,,Generated molecule index 704 with the SAFE scaffold decoration algorithm
smiles_705,string,,Generated molecule index 705 with the SAFE scaffold decoration algorithm
smiles_706,string,,Generated molecule index 706 with the SAFE scaffold decoration algorithm
smiles_707,string,,Generated molecule index 707 with the SAFE scaffold decoration algorithm
smiles_708,string,,Generated molecule index 708 with the SAFE scaffold decoration algorithm
smiles_709,string,,Generated molecule index 709 with the SAFE scaffold decoration algorithm
smiles_710,string,,Generated molecule index 710 with the SAFE scaffold decoration algorithm
smiles_711,string,,Generated molecule index 711 with the SAFE scaffold decoration algorithm
smiles_712,string,,Generated molecule index 712 with the SAFE scaffold decoration algorithm
smiles_713,string,,Generated molecule index 713 with the SAFE scaffold decoration algorithm
smiles_714,string,,Generated molecule index 714 with the SAFE scaffold decoration algorithm
smiles_715,string,,Generated molecule index 715 with the SAFE scaffold decoration algorithm
smiles_716,string,,Generated molecule index 716 with the SAFE scaffold decoration algorithm
smiles_717,string,,Generated molecule index 717 with the SAFE scaffold decoration algorithm
smiles_718,string,,Generated molecule index 718 with the SAFE scaffold decoration algorithm
smiles_719,string,,Generated molecule index 719 with the SAFE scaffold decoration algorithm
smiles_720,string,,Generated molecule index 720 with the SAFE scaffold decoration algorithm
smiles_721,string,,Generated molecule index 721 with the SAFE scaffold decoration algorithm
smiles_722,string,,Generated molecule index 722 with the SAFE scaffold decoration algorithm
smiles_723,string,,Generated molecule index 723 with the SAFE scaffold decoration algorithm
smiles_724,string,,Generated molecule index 724 with the SAFE scaffold decoration algorithm
smiles_725,string,,Generated molecule index 725 with the SAFE scaffold decoration algorithm
smiles_726,string,,Generated molecule index 726 with the SAFE scaffold decoration algorithm
smiles_727,string,,Generated molecule index 727 with the SAFE scaffold decoration algorithm
smiles_728,string,,Generated molecule index 728 with the SAFE scaffold decoration algorithm
smiles_729,string,,Generated molecule index 729 with the SAFE scaffold decoration algorithm
smiles_730,string,,Generated molecule index 730 with the SAFE scaffold decoration algorithm
smiles_731,string,,Generated molecule index 731 with the SAFE scaffold decoration algorithm
smiles_732,string,,Generated molecule index 732 with the SAFE scaffold decoration algorithm
smiles_733,string,,Generated molecule index 733 with the SAFE scaffold decoration algorithm
smiles_734,string,,Generated molecule index 734 with the SAFE scaffold decoration algorithm
smiles_735,string,,Generated molecule index 735 with the SAFE scaffold decoration algorithm
smiles_736,string,,Generated molecule index 736 with the SAFE scaffold decoration algorithm
smiles_737,string,,Generated molecule index 737 with the SAFE scaffold decoration algorithm
smiles_738,string,,Generated molecule index 738 with the SAFE scaffold decoration algorithm
smiles_739,string,,Generated molecule index 739 with the SAFE scaffold decoration algorithm
smiles_740,string,,Generated molecule index 740 with the SAFE scaffold decoration algorithm
smiles_741,string,,Generated molecule index 741 with the SAFE scaffold decoration algorithm
smiles_742,string,,Generated molecule index 742 with the SAFE scaffold decoration algorithm
smiles_743,string,,Generated molecule index 743 with the SAFE scaffold decoration algorithm
smiles_744,string,,Generated molecule index 744 with the SAFE scaffold decoration algorithm
smiles_745,string,,Generated molecule index 745 with the SAFE scaffold decoration algorithm
smiles_746,string,,Generated molecule index 746 with the SAFE scaffold decoration algorithm
smiles_747,string,,Generated molecule index 747 with the SAFE scaffold decoration algorithm
smiles_748,string,,Generated molecule index 748 with the SAFE scaffold decoration algorithm
smiles_749,string,,Generated molecule index 749 with the SAFE scaffold decoration algorithm
smiles_750,string,,Generated molecule index 750 with the SAFE scaffold decoration algorithm
smiles_751,string,,Generated molecule index 751 with the SAFE scaffold decoration algorithm
smiles_752,string,,Generated molecule index 752 with the SAFE scaffold decoration algorithm
smiles_753,string,,Generated molecule index 753 with the SAFE scaffold decoration algorithm
smiles_754,string,,Generated molecule index 754 with the SAFE scaffold decoration algorithm
smiles_755,string,,Generated molecule index 755 with the SAFE scaffold decoration algorithm
smiles_756,string,,Generated molecule index 756 with the SAFE scaffold decoration algorithm
smiles_757,string,,Generated molecule index 757 with the SAFE scaffold decoration algorithm
smiles_758,string,,Generated molecule index 758 with the SAFE scaffold decoration algorithm
smiles_759,string,,Generated molecule index 759 with the SAFE scaffold decoration algorithm
smiles_760,string,,Generated molecule index 760 with the SAFE scaffold decoration algorithm
smiles_761,string,,Generated molecule index 761 with the SAFE scaffold decoration algorithm
smiles_762,string,,Generated molecule index 762 with the SAFE scaffold decoration algorithm
smiles_763,string,,Generated molecule index 763 with the SAFE scaffold decoration algorithm
smiles_764,string,,Generated molecule index 764 with the SAFE scaffold decoration algorithm
smiles_765,string,,Generated molecule index 765 with the SAFE scaffold decoration algorithm
smiles_766,string,,Generated molecule index 766 with the SAFE scaffold decoration algorithm
smiles_767,string,,Generated molecule index 767 with the SAFE scaffold decoration algorithm
smiles_768,string,,Generated molecule index 768 with the SAFE scaffold decoration algorithm
smiles_769,string,,Generated molecule index 769 with the SAFE scaffold decoration algorithm
smiles_770,string,,Generated molecule index 770 with the SAFE scaffold decoration algorithm
smiles_771,string,,Generated molecule index 771 with the SAFE scaffold decoration algorithm
smiles_772,string,,Generated molecule index 772 with the SAFE scaffold decoration algorithm
smiles_773,string,,Generated molecule index 773 with the SAFE scaffold decoration algorithm
smiles_774,string,,Generated molecule index 774 with the SAFE scaffold decoration algorithm
smiles_775,string,,Generated molecule index 775 with the SAFE scaffold decoration algorithm
smiles_776,string,,Generated molecule index 776 with the SAFE scaffold decoration algorithm
smiles_777,string,,Generated molecule index 777 with the SAFE scaffold decoration algorithm
smiles_778,string,,Generated molecule index 778 with the SAFE scaffold decoration algorithm
smiles_779,string,,Generated molecule index 779 with the SAFE scaffold decoration algorithm
smiles_780,string,,Generated molecule index 780 with the SAFE scaffold decoration algorithm
smiles_781,string,,Generated molecule index 781 with the SAFE scaffold decoration algorithm
smiles_782,string,,Generated molecule index 782 with the SAFE scaffold decoration algorithm
smiles_783,string,,Generated molecule index 783 with the SAFE scaffold decoration algorithm
smiles_784,string,,Generated molecule index 784 with the SAFE scaffold decoration algorithm
smiles_785,string,,Generated molecule index 785 with the SAFE scaffold decoration algorithm
smiles_786,string,,Generated molecule index 786 with the SAFE scaffold decoration algorithm
smiles_787,string,,Generated molecule index 787 with the SAFE scaffold decoration algorithm
smiles_788,string,,Generated molecule index 788 with the SAFE scaffold decoration algorithm
smiles_789,string,,Generated molecule index 789 with the SAFE scaffold decoration algorithm
smiles_790,string,,Generated molecule index 790 with the SAFE scaffold decoration algorithm
smiles_791,string,,Generated molecule index 791 with the SAFE scaffold decoration algorithm
smiles_792,string,,Generated molecule index 792 with the SAFE scaffold decoration algorithm
smiles_793,string,,Generated molecule index 793 with the SAFE scaffold decoration algorithm
smiles_794,string,,Generated molecule index 794 with the SAFE scaffold decoration algorithm
smiles_795,string,,Generated molecule index 795 with the SAFE scaffold decoration algorithm
smiles_796,string,,Generated molecule index 796 with the SAFE scaffold decoration algorithm
smiles_797,string,,Generated molecule index 797 with the SAFE scaffold decoration algorithm
smiles_798,string,,Generated molecule index 798 with the SAFE scaffold decoration algorithm
smiles_799,string,,Generated molecule index 799 with the SAFE scaffold decoration algorithm
smiles_800,string,,Generated molecule index 800 with the SAFE scaffold decoration algorithm
smiles_801,string,,Generated molecule index 801 with the SAFE scaffold decoration algorithm
smiles_802,string,,Generated molecule index 802 with the SAFE scaffold decoration algorithm
smiles_803,string,,Generated molecule index 803 with the SAFE scaffold decoration algorithm
smiles_804,string,,Generated molecule index 804 with the SAFE scaffold decoration algorithm
smiles_805,string,,Generated molecule index 805 with the SAFE scaffold decoration algorithm
smiles_806,string,,Generated molecule index 806 with the SAFE scaffold decoration algorithm
smiles_807,string,,Generated molecule index 807 with the SAFE scaffold decoration algorithm
smiles_808,string,,Generated molecule index 808 with the SAFE scaffold decoration algorithm
smiles_809,string,,Generated molecule index 809 with the SAFE scaffold decoration algorithm
smiles_810,string,,Generated molecule index 810 with the SAFE scaffold decoration algorithm
smiles_811,string,,Generated molecule index 811 with the SAFE scaffold decoration algorithm
smiles_812,string,,Generated molecule index 812 with the SAFE scaffold decoration algorithm
smiles_813,string,,Generated molecule index 813 with the SAFE scaffold decoration algorithm
smiles_814,string,,Generated molecule index 814 with the SAFE scaffold decoration algorithm
smiles_815,string,,Generated molecule index 815 with the SAFE scaffold decoration algorithm
smiles_816,string,,Generated molecule index 816 with the SAFE scaffold decoration algorithm
smiles_817,string,,Generated molecule index 817 with the SAFE scaffold decoration algorithm
smiles_818,string,,Generated molecule index 818 with the SAFE scaffold decoration algorithm
smiles_819,string,,Generated molecule index 819 with the SAFE scaffold decoration algorithm
smiles_820,string,,Generated molecule index 820 with the SAFE scaffold decoration algorithm
smiles_821,string,,Generated molecule index 821 with the SAFE scaffold decoration algorithm
smiles_822,string,,Generated molecule index 822 with the SAFE scaffold decoration algorithm
smiles_823,string,,Generated molecule index 823 with the SAFE scaffold decoration algorithm
smiles_824,string,,Generated molecule index 824 with the SAFE scaffold decoration algorithm
smiles_825,string,,Generated molecule index 825 with the SAFE scaffold decoration algorithm
smiles_826,string,,Generated molecule index 826 with the SAFE scaffold decoration algorithm
smiles_827,string,,Generated molecule index 827 with the SAFE scaffold decoration algorithm
smiles_828,string,,Generated molecule index 828 with the SAFE scaffold decoration algorithm
smiles_829,string,,Generated molecule index 829 with the SAFE scaffold decoration algorithm
smiles_830,string,,Generated molecule index 830 with the SAFE scaffold decoration algorithm
smiles_831,string,,Generated molecule index 831 with the SAFE scaffold decoration algorithm
smiles_832,string,,Generated molecule index 832 with the SAFE scaffold decoration algorithm
smiles_833,string,,Generated molecule index 833 with the SAFE scaffold decoration algorithm
smiles_834,string,,Generated molecule index 834 with the SAFE scaffold decoration algorithm
smiles_835,string,,Generated molecule index 835 with the SAFE scaffold decoration algorithm
smiles_836,string,,Generated molecule index 836 with the SAFE scaffold decoration algorithm
smiles_837,string,,Generated molecule index 837 with the SAFE scaffold decoration algorithm
smiles_838,string,,Generated molecule index 838 with the SAFE scaffold decoration algorithm
smiles_839,string,,Generated molecule index 839 with the SAFE scaffold decoration algorithm
smiles_840,string,,Generated molecule index 840 with the SAFE scaffold decoration algorithm
smiles_841,string,,Generated molecule index 841 with the SAFE scaffold decoration algorithm
smiles_842,string,,Generated molecule index 842 with the SAFE scaffold decoration algorithm
smiles_843,string,,Generated molecule index 843 with the SAFE scaffold decoration algorithm
smiles_844,string,,Generated molecule index 844 with the SAFE scaffold decoration algorithm
smiles_845,string,,Generated molecule index 845 with the SAFE scaffold decoration algorithm
smiles_846,string,,Generated molecule index 846 with the SAFE scaffold decoration algorithm
smiles_847,string,,Generated molecule index 847 with the SAFE scaffold decoration algorithm
smiles_848,string,,Generated molecule index 848 with the SAFE scaffold decoration algorithm
smiles_849,string,,Generated molecule index 849 with the SAFE scaffold decoration algorithm
smiles_850,string,,Generated molecule index 850 with the SAFE scaffold decoration algorithm
smiles_851,string,,Generated molecule index 851 with the SAFE scaffold decoration algorithm
smiles_852,string,,Generated molecule index 852 with the SAFE scaffold decoration algorithm
smiles_853,string,,Generated molecule index 853 with the SAFE scaffold decoration algorithm
smiles_854,string,,Generated molecule index 854 with the SAFE scaffold decoration algorithm
smiles_855,string,,Generated molecule index 855 with the SAFE scaffold decoration algorithm
smiles_856,string,,Generated molecule index 856 with the SAFE scaffold decoration algorithm
smiles_857,string,,Generated molecule index 857 with the SAFE scaffold decoration algorithm
smiles_858,string,,Generated molecule index 858 with the SAFE scaffold decoration algorithm
smiles_859,string,,Generated molecule index 859 with the SAFE scaffold decoration algorithm
smiles_860,string,,Generated molecule index 860 with the SAFE scaffold decoration algorithm
smiles_861,string,,Generated molecule index 861 with the SAFE scaffold decoration algorithm
smiles_862,string,,Generated molecule index 862 with the SAFE scaffold decoration algorithm
smiles_863,string,,Generated molecule index 863 with the SAFE scaffold decoration algorithm
smiles_864,string,,Generated molecule index 864 with the SAFE scaffold decoration algorithm
smiles_865,string,,Generated molecule index 865 with the SAFE scaffold decoration algorithm
smiles_866,string,,Generated molecule index 866 with the SAFE scaffold decoration algorithm
smiles_867,string,,Generated molecule index 867 with the SAFE scaffold decoration algorithm
smiles_868,string,,Generated molecule index 868 with the SAFE scaffold decoration algorithm
smiles_869,string,,Generated molecule index 869 with the SAFE scaffold decoration algorithm
smiles_870,string,,Generated molecule index 870 with the SAFE scaffold decoration algorithm
smiles_871,string,,Generated molecule index 871 with the SAFE scaffold decoration algorithm
smiles_872,string,,Generated molecule index 872 with the SAFE scaffold decoration algorithm
smiles_873,string,,Generated molecule index 873 with the SAFE scaffold decoration algorithm
smiles_874,string,,Generated molecule index 874 with the SAFE scaffold decoration algorithm
smiles_875,string,,Generated molecule index 875 with the SAFE scaffold decoration algorithm
smiles_876,string,,Generated molecule index 876 with the SAFE scaffold decoration algorithm
smiles_877,string,,Generated molecule index 877 with the SAFE scaffold decoration algorithm
smiles_878,string,,Generated molecule index 878 with the SAFE scaffold decoration algorithm
smiles_879,string,,Generated molecule index 879 with the SAFE scaffold decoration algorithm
smiles_880,string,,Generated molecule index 880 with the SAFE scaffold decoration algorithm
smiles_881,string,,Generated molecule index 881 with the SAFE scaffold decoration algorithm
smiles_882,string,,Generated molecule index 882 with the SAFE scaffold decoration algorithm
smiles_883,string,,Generated molecule index 883 with the SAFE scaffold decoration algorithm
smiles_884,string,,Generated molecule index 884 with the SAFE scaffold decoration algorithm
smiles_885,string,,Generated molecule index 885 with the SAFE scaffold decoration algorithm
smiles_886,string,,Generated molecule index 886 with the SAFE scaffold decoration algorithm
smiles_887,string,,Generated molecule index 887 with the SAFE scaffold decoration algorithm
smiles_888,string,,Generated molecule index 888 with the SAFE scaffold decoration algorithm
smiles_889,string,,Generated molecule index 889 with the SAFE scaffold decoration algorithm
smiles_890,string,,Generated molecule index 890 with the SAFE scaffold decoration algorithm
smiles_891,string,,Generated molecule index 891 with the SAFE scaffold decoration algorithm
smiles_892,string,,Generated molecule index 892 with the SAFE scaffold decoration algorithm
smiles_893,string,,Generated molecule index 893 with the SAFE scaffold decoration algorithm
smiles_894,string,,Generated molecule index 894 with the SAFE scaffold decoration algorithm
smiles_895,string,,Generated molecule index 895 with the SAFE scaffold decoration algorithm
smiles_896,string,,Generated molecule index 896 with the SAFE scaffold decoration algorithm
smiles_897,string,,Generated molecule index 897 with the SAFE scaffold decoration algorithm
smiles_898,string,,Generated molecule index 898 with the SAFE scaffold decoration algorithm
smiles_899,string,,Generated molecule index 899 with the SAFE scaffold decoration algorithm
smiles_900,string,,Generated molecule index 900 with the SAFE scaffold decoration algorithm
smiles_901,string,,Generated molecule index 901 with the SAFE scaffold decoration algorithm
smiles_902,string,,Generated molecule index 902 with the SAFE scaffold decoration algorithm
smiles_903,string,,Generated molecule index 903 with the SAFE scaffold decoration algorithm
smiles_904,string,,Generated molecule index 904 with the SAFE scaffold decoration algorithm
smiles_905,string,,Generated molecule index 905 with the SAFE scaffold decoration algorithm
smiles_906,string,,Generated molecule index 906 with the SAFE scaffold decoration algorithm
smiles_907,string,,Generated molecule index 907 with the SAFE scaffold decoration algorithm
smiles_908,string,,Generated molecule index 908 with the SAFE scaffold decoration algorithm
smiles_909,string,,Generated molecule index 909 with the SAFE scaffold decoration algorithm
smiles_910,string,,Generated molecule index 910 with the SAFE scaffold decoration algorithm
smiles_911,string,,Generated molecule index 911 with the SAFE scaffold decoration algorithm
smiles_912,string,,Generated molecule index 912 with the SAFE scaffold decoration algorithm
smiles_913,string,,Generated molecule index 913 with the SAFE scaffold decoration algorithm
smiles_914,string,,Generated molecule index 914 with the SAFE scaffold decoration algorithm
smiles_915,string,,Generated molecule index 915 with the SAFE scaffold decoration algorithm
smiles_916,string,,Generated molecule index 916 with the SAFE scaffold decoration algorithm
smiles_917,string,,Generated molecule index 917 with the SAFE scaffold decoration algorithm
smiles_918,string,,Generated molecule index 918 with the SAFE scaffold decoration algorithm
smiles_919,string,,Generated molecule index 919 with the SAFE scaffold decoration algorithm
smiles_920,string,,Generated molecule index 920 with the SAFE scaffold decoration algorithm
smiles_921,string,,Generated molecule index 921 with the SAFE scaffold decoration algorithm
smiles_922,string,,Generated molecule index 922 with the SAFE scaffold decoration algorithm
smiles_923,string,,Generated molecule index 923 with the SAFE scaffold decoration algorithm
smiles_924,string,,Generated molecule index 924 with the SAFE scaffold decoration algorithm
smiles_925,string,,Generated molecule index 925 with the SAFE scaffold decoration algorithm
smiles_926,string,,Generated molecule index 926 with the SAFE scaffold decoration algorithm
smiles_927,string,,Generated molecule index 927 with the SAFE scaffold decoration algorithm
smiles_928,string,,Generated molecule index 928 with the SAFE scaffold decoration algorithm
smiles_929,string,,Generated molecule index 929 with the SAFE scaffold decoration algorithm
smiles_930,string,,Generated molecule index 930 with the SAFE scaffold decoration algorithm
smiles_931,string,,Generated molecule index 931 with the SAFE scaffold decoration algorithm
smiles_932,string,,Generated molecule index 932 with the SAFE scaffold decoration algorithm
smiles_933,string,,Generated molecule index 933 with the SAFE scaffold decoration algorithm
smiles_934,string,,Generated molecule index 934 with the SAFE scaffold decoration algorithm
smiles_935,string,,Generated molecule index 935 with the SAFE scaffold decoration algorithm
smiles_936,string,,Generated molecule index 936 with the SAFE scaffold decoration algorithm
smiles_937,string,,Generated molecule index 937 with the SAFE scaffold decoration algorithm
smiles_938,string,,Generated molecule index 938 with the SAFE scaffold decoration algorithm
smiles_939,string,,Generated molecule index 939 with the SAFE scaffold decoration algorithm
smiles_940,string,,Generated molecule index 940 with the SAFE scaffold decoration algorithm
smiles_941,string,,Generated molecule index 941 with the SAFE scaffold decoration algorithm
smiles_942,string,,Generated molecule index 942 with the SAFE scaffold decoration algorithm
smiles_943,string,,Generated molecule index 943 with the SAFE scaffold decoration algorithm
smiles_944,string,,Generated molecule index 944 with the SAFE scaffold decoration algorithm
smiles_945,string,,Generated molecule index 945 with the SAFE scaffold decoration algorithm
smiles_946,string,,Generated molecule index 946 with the SAFE scaffold decoration algorithm
smiles_947,string,,Generated molecule index 947 with the SAFE scaffold decoration algorithm
smiles_948,string,,Generated molecule index 948 with the SAFE scaffold decoration algorithm
smiles_949,string,,Generated molecule index 949 with the SAFE scaffold decoration algorithm
smiles_950,string,,Generated molecule index 950 with the SAFE scaffold decoration algorithm
smiles_951,string,,Generated molecule index 951 with the SAFE scaffold decoration algorithm
smiles_952,string,,Generated molecule index 952 with the SAFE scaffold decoration algorithm
smiles_953,string,,Generated molecule index 953 with the SAFE scaffold decoration algorithm
smiles_954,string,,Generated molecule index 954 with the SAFE scaffold decoration algorithm
smiles_955,string,,Generated molecule index 955 with the SAFE scaffold decoration algorithm
smiles_956,string,,Generated molecule index 956 with the SAFE scaffold decoration algorithm
smiles_957,string,,Generated molecule index 957 with the SAFE scaffold decoration algorithm
smiles_958,string,,Generated molecule index 958 with the SAFE scaffold decoration algorithm
smiles_959,string,,Generated molecule index 959 with the SAFE scaffold decoration algorithm
smiles_960,string,,Generated molecule index 960 with the SAFE scaffold decoration algorithm
smiles_961,string,,Generated molecule index 961 with the SAFE scaffold decoration algorithm
smiles_962,string,,Generated molecule index 962 with the SAFE scaffold decoration algorithm
smiles_963,string,,Generated molecule index 963 with the SAFE scaffold decoration algorithm
smiles_964,string,,Generated molecule index 964 with the SAFE scaffold decoration algorithm
smiles_965,string,,Generated molecule index 965 with the SAFE scaffold decoration algorithm
smiles_966,string,,Generated molecule index 966 with the SAFE scaffold decoration algorithm
smiles_967,string,,Generated molecule index 967 with the SAFE scaffold decoration algorithm
smiles_968,string,,Generated molecule index 968 with the SAFE scaffold decoration algorithm
smiles_969,string,,Generated molecule index 969 with the SAFE scaffold decoration algorithm
smiles_970,string,,Generated molecule index 970 with the SAFE scaffold decoration algorithm
smiles_971,string,,Generated molecule index 971 with the SAFE scaffold decoration algorithm
smiles_972,string,,Generated molecule index 972 with the SAFE scaffold decoration algorithm
smiles_973,string,,Generated molecule index 973 with the SAFE scaffold decoration algorithm
smiles_974,string,,Generated molecule index 974 with the SAFE scaffold decoration algorithm
smiles_975,string,,Generated molecule index 975 with the SAFE scaffold decoration algorithm
smiles_976,string,,Generated molecule index 976 with the SAFE scaffold decoration algorithm
smiles_977,string,,Generated molecule index 977 with the SAFE scaffold decoration algorithm
smiles_978,string,,Generated molecule index 978 with the SAFE scaffold decoration algorithm
smiles_979,string,,Generated molecule index 979 with the SAFE scaffold decoration algorithm
smiles_980,string,,Generated molecule index 980 with the SAFE scaffold decoration algorithm
smiles_981,string,,Generated molecule index 981 with the SAFE scaffold decoration algorithm
smiles_982,string,,Generated molecule index 982 with the SAFE scaffold decoration algorithm
smiles_983,string,,Generated molecule index 983 with the SAFE scaffold decoration algorithm
smiles_984,string,,Generated molecule index 984 with the SAFE scaffold decoration algorithm
smiles_985,string,,Generated molecule index 985 with the SAFE scaffold decoration algorithm
smiles_986,string,,Generated molecule index 986 with the SAFE scaffold decoration algorithm
smiles_987,string,,Generated molecule index 987 with the SAFE scaffold decoration algorithm
smiles_988,string,,Generated molecule index 988 with the SAFE scaffold decoration algorithm
smiles_989,string,,Generated molecule index 989 with the SAFE scaffold decoration algorithm
smiles_990,string,,Generated molecule index 990 with the SAFE scaffold decoration algorithm
smiles_991,string,,Generated molecule index 991 with the SAFE scaffold decoration algorithm
smiles_992,string,,Generated molecule index 992 with the SAFE scaffold decoration algorithm
smiles_993,string,,Generated molecule index 993 with the SAFE scaffold decoration algorithm
smiles_994,string,,Generated molecule index 994 with the SAFE scaffold decoration algorithm
smiles_995,string,,Generated molecule index 995 with the SAFE scaffold decoration algorithm
smiles_996,string,,Generated molecule index 996 with the SAFE scaffold decoration algorithm
smiles_997,string,,Generated molecule index 997 with the SAFE scaffold decoration algorithm
smiles_998,string,,Generated molecule index 998 with the SAFE scaffold decoration algorithm
smiles_999,string,,Generated molecule index 999 with the SAFE scaffold decoration algorithm
